Name,Gender,Birthdate
Agustin Deltor,M,1990-07-05 00:00:00
Leonardo Alvaroli,M,1992-08-24 
Romina Bando,O,1998-11-30 
Guada Sosena,F,1994-02-27 
Agustin Deltor,M,1989-06-15 
Leonardo Alvaroli,M,1958-09-04 
Romina Bando,O,1995-10-28 
Guada Sosena,F,1996-01-29 
Agustin Deltor,M,1996-06-10 
Leonardo Alvaroli,M,1997-05-26 
Romina Bando,O,1995-10-28 
Guada Sosena,F,1996-01-29 
Agustin Deltor,M,1996-06-10 
Leonardo Alvaroli,M,1997-07-26 
Romina Bando,O,1995-10-28 
Guada Sosena,F,1996-01-29 
Agustin Deltor,M,1996-06-10 
Leonardo Alvaroli,M,1997-06-27 
Romina Bando,O,1995-10-28 
Guada Sosena,F,1996-01-29 
Agustin Deltor,M,1997-06-25 
Leonardo Alvaroli,M,1997-06-25 
Romina Bando,O,1995-10-28 
Guada Sosena,F,1996-01-29 
Guuuado SoooZena,M,1996-01-29